NIA,JSON project,HTTP Servlet project
553939,https://github.com/daniegarcia254/WebEng2014/tree/developer/553939_JSON_Project,https://github.com/daniegarcia254/WebEng2014/tree/developer/553939_HTTP_Servlet_Project
647809,https://github.com/valarion/WebEng2014/tree/master/labs/Lab0/Lab0-console,https://github.com/valarion/WebEng2014/tree/master/labs/Lab0/Lab0-webapp
648701,https://github.com/RecuencoJones/PistachoToDo/tree/master/pistachotodocmd,https://github.com/RecuencoJones/PistachoToDo/tree/master/pistachotodoweb
648499,https://github.com/ivanpinos/IW/tree/master/ToDO,https://github.com/ivanpinos/IW/tree/master/ToDOweb
651846,https://github.com/javiertello/Lab0/tree/master/ToDoCMD,https://github.com/javiertello/Lab0/tree/master/ToDoWebApp
642535,https://github.com/SAReyes/WebEng/tree/master/Lab0/to-do-console,https://github.com/SAReyes/WebEng/tree/master/Lab0/to-do-webapp
566764,https://github.com/adriangp/WebEng/tree/master/Lab0/CommandApp,https://github.com/adriangp/WebEng/tree/master/Lab0/WebApp
591226,https://github.com/charliemc/WebEng-Labs/tree/master/lab0/command-line,https://github.com/charliemc/WebEng-Labs/tree/master/lab0/webapp
647058,https://github.com/jgbarcos/WebEng2014/tree/master/todo/console,https://github.com/jgbarcos/WebEng2014/tree/master/todo/servlet
593674,https://github.com/jorgeizquierdo/WebEng2014/tree/master/MisEjercicios/toDoConsole,https://github.com/jorgeizquierdo/WebEng2014/tree/master/MisEjercicios/toDoServlet
652349,https://github.com/gBarrerasSanz/IW_Repo/tree/master/IW_Repo/Lab0/ToDo/src/main/java/cmd,https://github.com/gBarrerasSanz/IW_Repo/tree/master/IW_Repo/Lab0/ToDo/src/main/java/servlet
608108,https://github.com/gginestra/WebEngPracticas/tree/master/ToDo,https://github.com/gginestra/WebEngPracticas/tree/master/ToDoWebForm
630729,https://github.com/JorgeGaruz/WebEng2014/tree/master/ToDoList,https://github.com/JorgeGaruz/WebEng2014/tree/master/ToDoServer
648702,https://github.com/alberto-648702/WebEng2014/tree/master/Practica%200,https://github.com/alberto-648702/WebEng2014/tree/master/Practica%200
707353,https://github.com/marcelasimao/WebEng-Practicas/tree/master/practica0/parte1-cmd,https://github.com/marcelasimao/WebEng-Practicas/tree/master/practica0/parte2-webapp
654401,https://github.com/Ivelate/WebEng2014/tree/master/labs/p0json,https://github.com/Ivelate/WebEng2014/tree/master/labs/p0servlet
651225,https://github.com/oscargonles/WebEng2014/tree/master/Practica0,https://github.com/oscargonles/WebEng2014/tree/master/Practica0
576277,https://github.com/andresju/IngenieriaWeb/tree/master/lab0/Servlet,https://github.com/andresju/IngenieriaWeb/tree/master/lab0/Gestor/TodoManager
628204,https://github.com/Berbel92/WebEngLabs/tree/master/toDoCommandLine,https://github.com/Berbel92/WebEngLabs/tree/master/toDoWebLab0
629928,https://github.com/scamposb/IW/tree/master/formats/Ejercicios_json,https://github.com/scamposb/IW/tree/master/inicio_servlets/Servlets